INSERT INTO `quests` VALUES (1,'Explore a dungeon',4,'2017-09-08','2017-09-08');
INSERT INTO `quests` VALUES (2,'Solve the magic puzzle',4,'2017-09-20',NULL);
INSERT INTO `quests` VALUES (3,'Solve the magic puzzle',6,'2017-09-24',NULL);
INSERT INTO `quests` VALUES (4,'Solve the magic puzzle',12,'2017-09-25',NULL);
INSERT INTO `quests` VALUES (5,'Slay a dragon',7,'2017-09-10','2017-09-20');
INSERT INTO `quests` VALUES (6,'Slay a dragon',11,'2017-09-10',NULL);
INSERT INTO `quests` VALUES (7,'Spot trap',8,'2017-09-19','2017-09-20');
INSERT INTO `quests` VALUES (8,'Tame a pet',13,'2017-09-25','2017-09-26');
INSERT INTO `quests` VALUES (9,'Master the mornings',7,'2017-08-10','2017-09-24');
INSERT INTO `quest_template` VALUES ('Explore a dungeon','Finishing a Teamwork week',100,0);
INSERT INTO `quest_template` VALUES ('Solve the magic puzzle','Finishing SI assignment',100,0);
INSERT INTO `quest_template` VALUES ('Slay a dragon','Passing a Checkpoint',500,0);
INSERT INTO `quest_template` VALUES ('Spot trap','Spotting a major mistake in assignment',50,1);
INSERT INTO `quest_template` VALUES ('Tame a pet','Doing a demo about pet project',100,1);
INSERT INTO `quest_template` VALUES ('Forge weapons','Organize a workshop for other students',400,1);
INSERT INTO `quest_template` VALUES ('Master the mornings','Attending one month without being late',300,1);
INSERT INTO `groups` VALUES (1,'rmbk');
INSERT INTO `groups` VALUES (2,'B.Analni bandyci');
INSERT INTO `user_groups` VALUES (4,1);
INSERT INTO `user_groups` VALUES (6,1);
INSERT INTO `user_groups` VALUES (7,1);
INSERT INTO `user_groups` VALUES (8,1);
INSERT INTO `user_groups` VALUES (11,2);
INSERT INTO `user_groups` VALUES (12,2);
INSERT INTO `user_groups` VALUES (13,2);
INSERT INTO `experience` VALUES ('Newbie',100);
INSERT INTO `experience` VALUES ('Novice',200);
INSERT INTO `experience` VALUES ('Rookie',400);
INSERT INTO `experience` VALUES ('Beginner',600);
INSERT INTO `experience` VALUES ('Talented',900);
INSERT INTO `experience` VALUES ('Skilled',1200);
INSERT INTO `experience` VALUES ('Intermediate',1500);
INSERT INTO `experience` VALUES ('Skilfull',1900);
INSERT INTO `experience` VALUES ('Seasoned',2300);
INSERT INTO `experience` VALUES ('Proficient',2700);
INSERT INTO `experience` VALUES ('Experienced',3200);
INSERT INTO `experience` VALUES ('Advanced',3800);
INSERT INTO `experience` VALUES ('Senior',4400);
INSERT INTO `experience` VALUES ('Expert',5000);
INSERT INTO `experience` VALUES ('God',NULL);
INSERT INTO `backlog` VALUES (1,'2017-09-10','Combat training','bought',50,6);
INSERT INTO `backlog` VALUES (2,'2017-09-12','Sanctuary','bought',300,7);
INSERT INTO `backlog` VALUES (3,'2017-09-02','Combat training','used',50,4);
INSERT INTO `backlog` VALUES (4,'2017-09-15','Sanctuary','bought',300,8);
INSERT INTO `backlog` VALUES (5,'2017-08-28','Time travel','bought',500,4);
INSERT INTO `backlog` VALUES (6,'2017-08-31','Summon code elemental','bough',1000,1);
INSERT INTO `backlog` VALUES (7,'2017-09-10','Time of knowledge','used',500,1);
INSERT INTO `artifacts` VALUES (1,'Combat training',6,'NULL');
INSERT INTO `artifacts` VALUES (2,'Sanctuary',7,'NULL');
INSERT INTO `artifacts` VALUES (3,'Sanctuary',8,'NULL');
INSERT INTO `artifacts` VALUES (4,'Time travel',4,'NULL');
INSERT INTO `artifacts` VALUES (5,'Summon code elemental',1,800);
INSERT INTO `artifact_template` VALUES ('Combat training','Private mentoring',50,0);
INSERT INTO `artifact_template` VALUES ('Sanctuary','Spend a day in home office',300,0);
INSERT INTO `artifact_template` VALUES ('Time travel','Extend SI week assignment deadline by one day',500,0);
INSERT INTO `artifact_template` VALUES ('Tome of knowledge','Extra material of current topic',500,1);
INSERT INTO `artifact_template` VALUES ('Summon code elemental','Mentor joins students team for one hour',1000,1);
INSERT INTO `class_name` VALUES (1,'KRK-2016-1');
INSERT INTO `class_name` VALUES (2,'KRK-2017-2');
INSERT INTO `class_name` VALUES (3,'KRK-2016-1');
INSERT INTO `users` VALUES (1,'Agnieszka','Koszany','agi@codecool.com','Kraków','Mentor','KRK-2017-1',NULL);
INSERT INTO `users` VALUES (2,'Mateusz','Steliga','scooby@codecool.com','Kraków','Mentor','KRK-2017-1',NULL);
INSERT INTO `users` VALUES (3,'Mateusz','Ostafil','master@codecool.com','Kraków','Mentor','KRK-2017-1',NULL);
INSERT INTO `users` VALUES (4,'Michał','Urban','michałurban@gmail.com','Kraków','Student','KRK-2017-1',NULL);
INSERT INTO `users` VALUES (5,'Jerzy','Mardaus','boss@codecool.com','Kraków','Admin','KRK-2017-1',NULL);
INSERT INTO `users` VALUES (6,'Mateusz','Romanowski','romek@gmail.com','Zadupie','Student','KRK-2017-1',NULL);
INSERT INTO `users` VALUES (7,'Kacper','Żelichowski','kacpur@gmail.com','Szydłowiec','Student','KRK-2017-1',NULL);
INSERT INTO `users` VALUES (8,'Błażej','Pierzak','blazpie@gmail.com','Podgórze','Student','KRK-2017-1',NULL);
INSERT INTO `users` VALUES (9,'Przemek','Ciąćka','przemo@codecool.com','Gdzieś','Mentor','KRK-2016-1',NULL);
INSERT INTO `users` VALUES (10,'Konrad','Gadzina','kondziu@codecool.com','Wszędzie','Mentor','KRK-2017-2',NULL);
INSERT INTO `users` VALUES (11,'Krzysiu','Szajowski','szajo.maupa@gmail.com','Prokocim?','Student','KRK-2017-1',NULL);
INSERT INTO `users` VALUES (12,'Mateusz','Korga','korges@gmail.com','Rzeszów','Student','KRK-2017-1',NULL);
INSERT INTO `users` VALUES (13,'Paweł','Kulpa','pabblo@buziaczek.kom','Krakoov','Student','KRK-2017-1',NULL);
INSERT INTO `login_info` VALUES (1,'admin','admin',NULL);
INSERT INTO `login_info` VALUES (2,'pass','student',NULL);
INSERT INTO `login_info` VALUES (3,'pass','mentor',NULL);
